"","airport","year","ops","Actual_Arrivals","On_Time_Arrivals","Departure_Cancellations","Arrival_Cancellations","Departure_Diversions","Actual_Diversions","Delayed_Arrivals","Prop_On_Time"
"1","APA",1991,361050,NA,NA,NA,NA,NA,NA,NA,NA
"2","APA",1992,376417,NA,NA,NA,NA,NA,NA,NA,NA
"3","APA",1993,415453,NA,NA,NA,NA,NA,NA,NA,NA
"4","APA",1994,422463,NA,NA,NA,NA,NA,NA,NA,NA
"5","APA",1995,402325,NA,NA,NA,NA,NA,NA,NA,NA
"6","APA",1996,359704,NA,NA,NA,NA,NA,NA,NA,NA
"7","APA",1997,408602,NA,NA,NA,NA,NA,NA,NA,NA
"8","APA",1998,466267,NA,NA,NA,NA,NA,NA,NA,NA
"9","APA",1999,436073,NA,NA,NA,NA,NA,NA,NA,NA
"10","APA",2000,398164,NA,NA,NA,NA,NA,NA,NA,NA
"11","APA",2001,383522,NA,NA,NA,NA,NA,NA,NA,NA
"12","APA",2002,421515,NA,NA,NA,NA,NA,NA,NA,NA
"13","APA",2003,361459,NA,NA,NA,NA,NA,NA,NA,NA
"14","APA",2004,356909,NA,NA,NA,NA,NA,NA,NA,NA
"15","APA",2005,347504,NA,NA,NA,NA,NA,NA,NA,NA
"16","APA",2006,319799,NA,NA,NA,NA,NA,NA,NA,NA
"17","APA",2007,337051,NA,NA,NA,NA,NA,NA,NA,NA
"18","APA",2008,320949,NA,NA,NA,NA,NA,NA,NA,NA
"19","APA",2009,263026,NA,NA,NA,NA,NA,NA,NA,NA
"20","APA",2010,283186,NA,NA,NA,NA,NA,NA,NA,NA
"21","APA",2011,294591,NA,NA,NA,NA,NA,NA,NA,NA
"22","APA",2012,298566,NA,NA,NA,NA,NA,NA,NA,NA
"23","APA",2013,292384,NA,NA,NA,NA,NA,NA,NA,NA
"24","APA",2014,309457,NA,NA,NA,NA,NA,NA,NA,NA
"25","APA",2015,313282,NA,NA,NA,NA,NA,NA,NA,NA
"26","APA",2016,332111,NA,NA,NA,NA,NA,NA,NA,NA
"27","APA",2017,326023,NA,NA,NA,NA,NA,NA,NA,NA
"28","APA",2018,337998,NA,NA,NA,NA,NA,NA,NA,NA
"29","ATL",1991,589470,NA,NA,NA,NA,NA,NA,NA,NA
"30","ATL",1992,621640,NA,NA,NA,NA,NA,NA,NA,NA
"31","ATL",1993,671183,NA,NA,NA,NA,NA,NA,NA,NA
"32","ATL",1994,709221,NA,NA,NA,NA,NA,NA,NA,NA
"33","ATL",1995,761618,NA,NA,NA,NA,NA,NA,NA,NA
"34","ATL",1996,761011,NA,NA,NA,NA,NA,NA,NA,NA
"35","ATL",1997,793299,NA,NA,NA,NA,NA,NA,NA,NA
"36","ATL",1998,846943,NA,NA,NA,NA,NA,NA,NA,NA
"37","ATL",1999,909911,NA,NA,NA,NA,NA,NA,NA,NA
"38","ATL",2000,913449,NA,NA,NA,NA,NA,NA,NA,NA
"39","ATL",2001,886995,NA,NA,NA,NA,NA,NA,NA,NA
"40","ATL",2002,890923,NA,NA,NA,NA,NA,NA,NA,NA
"41","ATL",2003,911788,NA,NA,NA,NA,NA,NA,NA,NA
"42","ATL",2004,964793,407784,303927,7870,8433,737,772,103857,0.745313695485845
"43","ATL",2005,980386,414240,308889,13837,14480,790,1080,105351,0.745676419466976
"44","ATL",2006,976447,396741,291068,6624,7301,913,787,105673,0.733647392127358
"45","ATL",2007,991627,405032,308080,6796,7790,920,1045,96952,0.76063125876474
"46","ATL",2008,978084,406744,313038,5830,6705,982,1072,93706,0.769619219951616
"47","ATL",2009,970258,411789,304350,5324,6303,1064,1116,107439,0.739092107851351
"48","ATL",2010,950119,404372,326481,8198,9279,971,945,77891,0.807377859990306
"49","ATL",2011,923991,384755,315558,6555,7484,903,812,69197,0.820153084430352
"50","ATL",2012,930098,388516,332146,2259,2782,798,655,56370,0.854909450318648
"51","ATL",2013,911074,394777,322485,2916,3450,870,655,72292,0.816878896186961
"52","ATL",2014,868359,362704,300308,5977,6483,781,655,62396,0.827969914861705
"53","ATL",2015,882497,375622,320446,2588,2752,821,1124,55176,0.853107645452077
"54","ATL",2016,898356,381166,331559,2246,2350,826,736,49607,0.86985460403079
"55","ATL",2017,879498,358263,307871,5419,5501,699,832,50392,0.859343554874492
"56","ATL",2018,895502,387761,327155,2569,2631,926,754,60606,0.843702693153773
"57","BED",1991,213334,NA,NA,NA,NA,NA,NA,NA,NA
"58","BED",1992,203758,NA,NA,NA,NA,NA,NA,NA,NA
"59","BED",1993,196138,NA,NA,NA,NA,NA,NA,NA,NA
"60","BED",1994,187491,NA,NA,NA,NA,NA,NA,NA,NA
"61","BED",1995,190342,NA,NA,NA,NA,NA,NA,NA,NA
"62","BED",1996,179498,NA,NA,NA,NA,NA,NA,NA,NA
"63","BED",1997,188070,NA,NA,NA,NA,NA,NA,NA,NA
"64","BED",1998,183314,NA,NA,NA,NA,NA,NA,NA,NA
"65","BED",1999,197301,NA,NA,NA,NA,NA,NA,NA,NA
"66","BED",2000,212371,NA,NA,NA,NA,NA,NA,NA,NA
"67","BED",2001,205436,NA,NA,NA,NA,NA,NA,NA,NA
"68","BED",2002,218248,NA,NA,NA,NA,NA,NA,NA,NA
"69","BED",2003,194887,NA,NA,NA,NA,NA,NA,NA,NA
"70","BED",2004,180682,NA,NA,NA,NA,NA,NA,NA,NA
"71","BED",2005,170054,NA,NA,NA,NA,NA,NA,NA,NA
"72","BED",2006,172470,NA,NA,NA,NA,NA,NA,NA,NA
"73","BED",2007,166279,NA,NA,NA,NA,NA,NA,NA,NA
"74","BED",2008,186065,NA,NA,NA,NA,NA,NA,NA,NA
"75","BED",2009,179165,NA,NA,NA,NA,NA,NA,NA,NA
"76","BED",2010,175832,NA,NA,NA,NA,NA,NA,NA,NA
"77","BED",2011,162997,NA,NA,NA,NA,NA,NA,NA,NA
"78","BED",2012,166211,NA,NA,NA,NA,NA,NA,NA,NA
"79","BED",2013,154488,NA,NA,NA,NA,NA,NA,NA,NA
"80","BED",2014,134295,NA,NA,NA,NA,NA,NA,NA,NA
"81","BED",2015,128279,NA,NA,NA,NA,NA,NA,NA,NA
"82","BED",2016,121789,NA,NA,NA,NA,NA,NA,NA,NA
"83","BED",2017,128598,NA,NA,NA,NA,NA,NA,NA,NA
"84","BED",2018,121664,NA,NA,NA,NA,NA,NA,NA,NA
"85","BOS",1991,441756,NA,NA,NA,NA,NA,NA,NA,NA
"86","BOS",1992,486785,NA,NA,NA,NA,NA,NA,NA,NA
"87","BOS",1993,503739,NA,NA,NA,NA,NA,NA,NA,NA
"88","BOS",1994,468921,NA,NA,NA,NA,NA,NA,NA,NA
"89","BOS",1995,476486,NA,NA,NA,NA,NA,NA,NA,NA
"90","BOS",1996,465050,NA,NA,NA,NA,NA,NA,NA,NA
"91","BOS",1997,502187,NA,NA,NA,NA,NA,NA,NA,NA
"92","BOS",1998,515788,NA,NA,NA,NA,NA,NA,NA,NA
"93","BOS",1999,502164,NA,NA,NA,NA,NA,NA,NA,NA
"94","BOS",2000,508283,NA,NA,NA,NA,NA,NA,NA,NA
"95","BOS",2001,471989,NA,NA,NA,NA,NA,NA,NA,NA
"96","BOS",2002,404649,NA,NA,NA,NA,NA,NA,NA,NA
"97","BOS",2003,379439,NA,NA,NA,NA,NA,NA,NA,NA
"98","BOS",2004,422460,128896,103125,3332,3343,269,127,25771,0.800063617179742
"99","BOS",2005,421506,123653,92782,4199,4155,266,185,30871,0.750341681964853
"100","BOS",2006,415649,127586,94051,3359,3302,377,142,33535,0.737157681877322
"101","BOS",2007,402821,123939,89473,4379,4257,268,192,34466,0.721911585538047
"102","BOS",2008,375394,114160,86526,3655,3601,354,183,27634,0.757936229852838
"103","BOS",2009,361379,107799,84674,2891,2838,284,126,23125,0.785480384790211
"104","BOS",2010,368851,110351,86651,3071,3035,275,137,23700,0.785230763654158
"105","BOS",2011,372697,105947,80789,3621,3633,320,113,25158,0.762541648182582
"106","BOS",2012,359633,101613,83496,1498,1523,215,79,18117,0.821705884089634
"107","BOS",2013,366485,109584,87184,1640,1633,275,148,22400,0.79559059716747
"108","BOS",2014,368307,108179,85863,2316,2330,349,121,22316,0.793712273176864
"109","BOS",2015,378013,115146,90900,2703,2715,413,151,24246,0.789432546506175
"110","BOS",2016,395811,119606,94602,1503,1523,369,124,25004,0.790946942461081
"111","BOS",2017,405822,122640,93630,2665,2688,404,124,29010,0.763454011741683
"112","BOS",2018,429334,146188,111185,3983,3983,394,154,35003,0.760561742413878
"113","BWI",1991,275903,NA,NA,NA,NA,NA,NA,NA,NA
"114","BWI",1992,264165,NA,NA,NA,NA,NA,NA,NA,NA
"115","BWI",1993,264002,NA,NA,NA,NA,NA,NA,NA,NA
"116","BWI",1994,295960,NA,NA,NA,NA,NA,NA,NA,NA
"117","BWI",1995,289664,NA,NA,NA,NA,NA,NA,NA,NA
"118","BWI",1996,267816,NA,NA,NA,NA,NA,NA,NA,NA
"119","BWI",1997,265888,NA,NA,NA,NA,NA,NA,NA,NA
"120","BWI",1998,291093,NA,NA,NA,NA,NA,NA,NA,NA
"121","BWI",1999,303287,NA,NA,NA,NA,NA,NA,NA,NA
"122","BWI",2000,315348,NA,NA,NA,NA,NA,NA,NA,NA
"123","BWI",2001,323771,NA,NA,NA,NA,NA,NA,NA,NA
"124","BWI",2002,305013,NA,NA,NA,NA,NA,NA,NA,NA
"125","BWI",2003,299817,NA,NA,NA,NA,NA,NA,NA,NA
"126","BWI",2004,309246,104791,85723,1186,1093,162,176,19068,0.818037808590432
"127","BWI",2005,309801,105329,85658,1407,1313,153,150,19671,0.81324231693076
"128","BWI",2006,307669,106347,86036,1127,1057,165,172,20311,0.809012007861059
"129","BWI",2007,296639,107619,84837,1759,1614,154,162,22782,0.78830875588883
"130","BWI",2008,277889,102976,83580,1002,964,206,128,19396,0.811645431945308
"131","BWI",2009,268016,100138,83520,1042,970,206,172,16618,0.834049012362939
"132","BWI",2010,276457,103154,84182,2282,2180,203,229,18972,0.816080811214301
"133","BWI",2011,276203,102849,85395,1567,1418,177,310,17454,0.830294898346119
"134","BWI",2012,268006,101647,84277,1511,1400,151,296,17370,0.829114484441253
"135","BWI",2013,259773,99233,79684,954,878,145,208,19549,0.802999002348009
"136","BWI",2014,245121,89115,70307,1588,1549,213,181,18808,0.788946866408573
"137","BWI",2015,246460,92262,75967,1553,1509,228,334,16295,0.823383408120353
"138","BWI",2016,248585,94377,80104,1646,1655,190,179,14273,0.848766118863706
"139","BWI",2017,261702,99091,83068,1730,1790,184,138,16023,0.838300148348488
"140","BWI",2018,266569,104887,86671,2427,2466,190,306,18216,0.826327380895631
"141","CLT",1991,446415,NA,NA,NA,NA,NA,NA,NA,NA
"142","CLT",1992,461944,NA,NA,NA,NA,NA,NA,NA,NA
"143","CLT",1993,450547,NA,NA,NA,NA,NA,NA,NA,NA
"144","CLT",1994,480202,NA,NA,NA,NA,NA,NA,NA,NA
"145","CLT",1995,465068,NA,NA,NA,NA,NA,NA,NA,NA
"146","CLT",1996,459444,NA,NA,NA,NA,NA,NA,NA,NA
"147","CLT",1997,457886,NA,NA,NA,NA,NA,NA,NA,NA
"148","CLT",1998,455142,NA,NA,NA,NA,NA,NA,NA,NA
"149","CLT",1999,444629,NA,NA,NA,NA,NA,NA,NA,NA
"150","CLT",2000,460370,NA,NA,NA,NA,NA,NA,NA,NA
"151","CLT",2001,471155,NA,NA,NA,NA,NA,NA,NA,NA
"152","CLT",2002,459488,NA,NA,NA,NA,NA,NA,NA,NA
"153","CLT",2003,442388,NA,NA,NA,NA,NA,NA,NA,NA
"154","CLT",2004,467676,105921,89475,1519,1593,178,132,16446,0.844733338997932
"155","CLT",2005,523270,112507,91476,1715,1881,196,165,21031,0.81306940901455
"156","CLT",2006,510918,115528,89397,1569,1742,283,204,26131,0.773812409112942
"157","CLT",2007,525943,124594,90644,2170,2406,288,131,33950,0.727514968618072
"158","CLT",2008,537598,123549,98625,1986,2227,277,254,24924,0.798266274919263
"159","CLT",2009,509464,115815,93909,1149,1331,254,165,21906,0.810853516383888
"160","CLT",2010,529107,123538,104069,1616,1790,217,175,19469,0.84240476614483
"161","CLT",2011,539842,125920,102131,2230,2505,242,290,23789,0.811078462515883
"162","CLT",2012,552515,134423,117175,1097,1342,194,174,17248,0.871688624714521
"163","CLT",2013,557955,146620,119958,1701,1968,260,159,26662,0.818155776838085
"164","CLT",2014,545294,109897,91341,1925,2145,163,214,18556,0.831150986833126
"165","CLT",2015,543944,108365,91618,1102,1374,205,156,16747,0.845457481659207
"166","CLT",2016,545742,109058,93380,1249,1447,172,182,15678,0.856241632892589
"167","CLT",2017,553817,111482,95244,1270,1412,185,192,16238,0.854344199063526
"168","CLT",2018,550013,238143,198633,6797,7383,518,566,39510,0.834091281288973
"169","CVG",1991,298044,NA,NA,NA,NA,NA,NA,NA,NA
"170","CVG",1992,305544,NA,NA,NA,NA,NA,NA,NA,NA
"171","CVG",1993,312104,NA,NA,NA,NA,NA,NA,NA,NA
"172","CVG",1994,339839,NA,NA,NA,NA,NA,NA,NA,NA
"173","CVG",1995,365114,NA,NA,NA,NA,NA,NA,NA,NA
"174","CVG",1996,401367,NA,NA,NA,NA,NA,NA,NA,NA
"175","CVG",1997,416894,NA,NA,NA,NA,NA,NA,NA,NA
"176","CVG",1998,443070,NA,NA,NA,NA,NA,NA,NA,NA
"177","CVG",1999,476128,NA,NA,NA,NA,NA,NA,NA,NA
"178","CVG",2000,477844,NA,NA,NA,NA,NA,NA,NA,NA
"179","CVG",2001,386388,NA,NA,NA,NA,NA,NA,NA,NA
"180","CVG",2002,485156,NA,NA,NA,NA,NA,NA,NA,NA
"181","CVG",2003,505557,NA,NA,NA,NA,NA,NA,NA,NA
"182","CVG",2004,515851,200481,166181,5656,7136,319,320,34300,0.828911467919653
"183","CVG",2005,495452,202369,172268,4606,5803,350,256,30101,0.851256862464113
"184","CVG",2006,345758,124130,105359,1816,2359,296,236,18771,0.848779505357287
"185","CVG",2007,328261,108161,85253,2415,2908,249,153,22908,0.78820462088923
"186","CVG",2008,286068,89043,72257,1853,2144,205,158,16786,0.811484339027212
"187","CVG",2009,222791,56657,47666,1056,1249,171,99,8991,0.841308223167482
"188","CVG",2010,177610,47864,39738,943,1111,127,103,8126,0.830227310713689
"189","CVG",2011,162422,25459,20946,667,623,62,60,4513,0.822734592874818
"190","CVG",2012,143578,26773,22504,495,456,70,39,4269,0.840548313599522
"191","CVG",2013,137741,39798,32828,965,921,76,42,6970,0.824865571134228
"192","CVG",2014,133619,20142,15688,670,592,47,35,4454,0.778870022837851
"193","CVG",2015,133225,21466,17332,519,438,61,40,4134,0.807416379390664
"194","CVG",2016,137225,15342,12942,187,163,32,24,2400,0.843566679702777
"195","CVG",2017,150463,18599,15416,168,147,38,18,3183,0.828861766761654
"196","CVG",2018,161744,50658,40725,992,934,127,55,9933,0.803920407438114
"197","DCA",1991,299823,NA,NA,NA,NA,NA,NA,NA,NA
"198","DCA",1992,309753,NA,NA,NA,NA,NA,NA,NA,NA
"199","DCA",1993,320336,NA,NA,NA,NA,NA,NA,NA,NA
"200","DCA",1994,315913,NA,NA,NA,NA,NA,NA,NA,NA
"201","DCA",1995,314058,NA,NA,NA,NA,NA,NA,NA,NA
"202","DCA",1996,310419,NA,NA,NA,NA,NA,NA,NA,NA
"203","DCA",1997,315669,NA,NA,NA,NA,NA,NA,NA,NA
"204","DCA",1998,313938,NA,NA,NA,NA,NA,NA,NA,NA
"205","DCA",1999,334768,NA,NA,NA,NA,NA,NA,NA,NA
"206","DCA",2000,342790,NA,NA,NA,NA,NA,NA,NA,NA
"207","DCA",2001,270145,NA,NA,NA,NA,NA,NA,NA,NA
"208","DCA",2002,216753,NA,NA,NA,NA,NA,NA,NA,NA
"209","DCA",2003,253590,NA,NA,NA,NA,NA,NA,NA,NA
"210","DCA",2004,271480,90996,75322,2349,2159,164,190,15674,0.827750670359137
"211","DCA",2005,278134,101839,82495,2855,2743,191,262,19344,0.810053123066802
"212","DCA",2006,278471,91921,72293,2495,2411,182,298,19628,0.786468815613407
"213","DCA",2007,279488,86384,64326,3282,3119,212,212,22058,0.744651787368031
"214","DCA",2008,277921,83912,67531,2735,2623,191,136,16381,0.80478358280103
"215","DCA",2009,274158,78128,64422,1941,1817,159,237,13706,0.824569936514438
"216","DCA",2010,274137,75421,62299,3253,3132,155,168,13122,0.826016626668965
"217","DCA",2011,284612,70094,56536,2496,2367,151,285,13558,0.806574029160841
"218","DCA",2012,289191,69026,56863,1766,1690,125,189,12163,0.823791035262075
"219","DCA",2013,296192,72180,58198,1711,1621,148,169,13982,0.80628983097811
"220","DCA",2014,287422,70188,56591,2269,2167,130,175,13597,0.806277426340685
"221","DCA",2015,297095,78365,63664,2076,1996,199,256,14701,0.812403496458878
"222","DCA",2016,299670,75909,61431,1735,1669,187,219,14478,0.809271627870213
"223","DCA",2017,299360,72797,59428,1488,1397,165,207,13369,0.81635232221108
"224","DCA",2018,297048,138990,111082,4528,4447,314,635,27908,0.799208576156558
"225","DEN",1991,488162,NA,NA,NA,NA,NA,NA,NA,NA
"226","DEN",1992,512497,NA,NA,NA,NA,NA,NA,NA,NA
"227","DEN",1993,558695,NA,NA,NA,NA,NA,NA,NA,NA
"228","DEN",1994,531931,NA,NA,NA,NA,NA,NA,NA,NA
"229","DEN",1995,476025,NA,NA,NA,NA,NA,NA,NA,NA
"230","DEN",1996,453139,NA,NA,NA,NA,NA,NA,NA,NA
"231","DEN",1997,493462,NA,NA,NA,NA,NA,NA,NA,NA
"232","DEN",1998,476716,NA,NA,NA,NA,NA,NA,NA,NA
"233","DEN",1999,500612,NA,NA,NA,NA,NA,NA,NA,NA
"234","DEN",2000,528604,NA,NA,NA,NA,NA,NA,NA,NA
"235","DEN",2001,507826,NA,NA,NA,NA,NA,NA,NA,NA
"236","DEN",2002,509477,NA,NA,NA,NA,NA,NA,NA,NA
"237","DEN",2003,510307,NA,NA,NA,NA,NA,NA,NA,NA
"238","DEN",2004,566514,153467,129006,1379,1503,254,232,24461,0.840610685033265
"239","DEN",2005,567632,180503,150821,1975,2152,338,262,29682,0.835559519786375
"240","DEN",2006,609522,227466,182892,4413,4621,425,278,44574,0.80404104349661
"241","DEN",2007,619941,236346,182442,3805,4134,456,282,53904,0.771927597674596
"242","DEN",2008,625844,238102,189160,2725,2984,527,384,48942,0.794449437635971
"243","DEN",2009,611888,232660,190775,2779,2978,522,564,41885,0.819973351671968
"244","DEN",2010,635458,235133,199510,2457,2730,572,686,35623,0.84849850935428
"245","DEN",2011,634684,237645,198298,2921,3104,539,648,39347,0.834429506196217
"246","DEN",2012,618257,233078,196094,2000,2228,495,314,36984,0.841323505435948
"247","DEN",2013,586860,222866,173969,2694,2898,461,727,48897,0.780599104394569
"248","DEN",2014,575161,219820,171361,3140,3475,496,772,48459,0.779551451187335
"249","DEN",2015,547648,211098,170875,2156,2352,556,685,40223,0.809458166349279
"250","DEN",2016,572520,222121,187480,3172,3223,546,881,34641,0.844044462252556
"251","DEN",2017,582486,221280,186327,1478,1592,539,362,34953,0.842041757049892
"252","DEN",2018,603403,262348,217322,1982,2348,766,835,45026,0.828373000747099
"253","DFW",1991,736156,NA,NA,NA,NA,NA,NA,NA,NA
"254","DFW",1992,764295,NA,NA,NA,NA,NA,NA,NA,NA
"255","DFW",1993,803902,NA,NA,NA,NA,NA,NA,NA,NA
"256","DFW",1994,841393,NA,NA,NA,NA,NA,NA,NA,NA
"257","DFW",1995,880436,NA,NA,NA,NA,NA,NA,NA,NA
"258","DFW",1996,875781,NA,NA,NA,NA,NA,NA,NA,NA
"259","DFW",1997,934624,NA,NA,NA,NA,NA,NA,NA,NA
"260","DFW",1998,929700,NA,NA,NA,NA,NA,NA,NA,NA
"261","DFW",1999,867338,NA,NA,NA,NA,NA,NA,NA,NA
"262","DFW",2000,865777,NA,NA,NA,NA,NA,NA,NA,NA
"263","DFW",2001,802587,NA,NA,NA,NA,NA,NA,NA,NA
"264","DFW",2002,777386,NA,NA,NA,NA,NA,NA,NA,NA
"265","DFW",2003,775900,NA,NA,NA,NA,NA,NA,NA,NA
"266","DFW",2004,814494,336721,279263,5535,6147,589,1154,57458,0.82936021216378
"267","DFW",2005,718207,302381,250252,4140,4541,582,889,52129,0.827604909038597
"268","DFW",2006,702722,294388,237272,5502,5839,551,1085,57116,0.805983939562754
"269","DFW",2007,686711,285777,214207,9372,9767,600,1948,71570,0.749559971586237
"270","DFW",2008,655306,272435,214309,7272,7716,635,1250,58126,0.786642685411199
"271","DFW",2009,638782,258377,209425,5101,5435,651,1299,48952,0.810540411878766
"272","DFW",2010,652258,261703,219836,4507,4799,719,1234,41867,0.840020939767599
"273","DFW",2011,646803,252725,214747,6114,6403,764,1122,37978,0.849725986744485
"274","DFW",2012,650124,266033,224091,4980,5291,663,1125,41942,0.842342867238275
"275","DFW",2013,678059,277793,223911,7150,7467,707,1170,53882,0.806035429258477
"276","DFW",2014,679820,269822,209914,6830,7324,741,1164,59908,0.777972144599032
"277","DFW",2015,681261,252225,205492,6667,7178,695,1212,46733,0.814717018535038
"278","DFW",2016,672748,192799,158063,2289,2445,463,787,34736,0.819833090420593
"279","DFW",2017,654344,178608,149363,1868,2068,373,532,29245,0.836261533637911
"280","DFW",2018,667213,273357,220471,5372,5840,696,1268,52886,0.806531385697092
"281","DTW",1991,396278,NA,NA,NA,NA,NA,NA,NA,NA
"282","DTW",1992,427383,NA,NA,NA,NA,NA,NA,NA,NA
"283","DTW",1993,462482,NA,NA,NA,NA,NA,NA,NA,NA
"284","DTW",1994,485306,NA,NA,NA,NA,NA,NA,NA,NA
"285","DTW",1995,508040,NA,NA,NA,NA,NA,NA,NA,NA
"286","DTW",1996,538554,NA,NA,NA,NA,NA,NA,NA,NA
"287","DTW",1997,541216,NA,NA,NA,NA,NA,NA,NA,NA
"288","DTW",1998,538153,NA,NA,NA,NA,NA,NA,NA,NA
"289","DTW",1999,559548,NA,NA,NA,NA,NA,NA,NA,NA
"290","DTW",2000,554580,NA,NA,NA,NA,NA,NA,NA,NA
"291","DTW",2001,523039,NA,NA,NA,NA,NA,NA,NA,NA
"292","DTW",2002,497564,NA,NA,NA,NA,NA,NA,NA,NA
"293","DTW",2003,493416,NA,NA,NA,NA,NA,NA,NA,NA
"294","DTW",2004,522641,144090,119346,2171,2315,252,190,24744,0.82827399541953
"295","DTW",2005,522964,133333,106333,2513,2628,318,260,27000,0.797499493748734
"296","DTW",2006,482147,126170,97902,1934,2067,265,163,28268,0.775953079178886
"297","DTW",2007,467755,172709,130880,4103,4484,355,307,41829,0.757806483738543
"298","DTW",2008,463793,158799,129563,2583,2995,402,206,29236,0.815893047185436
"299","DTW",2009,432589,150331,124825,1512,1954,424,207,25506,0.830334395434076
"300","DTW",2010,452616,156990,125215,3149,3669,397,297,31775,0.797598573157526
"301","DTW",2011,443028,87852,73011,1485,1643,178,170,14841,0.83106816008742
"302","DTW",2012,427814,90967,78119,838,892,168,151,12848,0.858761968625985
"303","DTW",2013,425732,160608,135444,2279,2580,365,273,25164,0.843320382546324
"304","DTW",2014,392635,103926,87212,1866,1868,211,190,16714,0.839174027673537
"305","DTW",2015,379376,116849,97966,1293,1349,258,113,18883,0.838398274696403
"306","DTW",2016,393427,123055,106038,937,938,263,134,17017,0.861712242493194
"307","DTW",2017,395357,125280,106928,1196,1283,284,136,18352,0.853512132822478
"308","DTW",2018,393681,173389,147829,1743,1708,449,213,25560,0.852585804174429
"309","EWR",1991,380119,NA,NA,NA,NA,NA,NA,NA,NA
"310","EWR",1992,412352,NA,NA,NA,NA,NA,NA,NA,NA
"311","EWR",1993,440633,NA,NA,NA,NA,NA,NA,NA,NA
"312","EWR",1994,439526,NA,NA,NA,NA,NA,NA,NA,NA
"313","EWR",1995,423342,NA,NA,NA,NA,NA,NA,NA,NA
"314","EWR",1996,454381,NA,NA,NA,NA,NA,NA,NA,NA
"315","EWR",1997,467443,NA,NA,NA,NA,NA,NA,NA,NA
"316","EWR",1998,461910,NA,NA,NA,NA,NA,NA,NA,NA
"317","EWR",1999,463000,NA,NA,NA,NA,NA,NA,NA,NA
"318","EWR",2000,457182,NA,NA,NA,NA,NA,NA,NA,NA
"319","EWR",2001,445082,NA,NA,NA,NA,NA,NA,NA,NA
"320","EWR",2002,411239,NA,NA,NA,NA,NA,NA,NA,NA
"321","EWR",2003,410661,NA,NA,NA,NA,NA,NA,NA,NA
"322","EWR",2004,440437,153738,112631,3883,3981,295,418,41107,0.732616529420182
"323","EWR",2005,440953,150441,99750,4622,4696,317,472,50691,0.663050631144435
"324","EWR",2006,448563,152850,99000,4557,4650,346,756,53850,0.647693817468106
"325","EWR",2007,441908,147396,91612,5926,5992,345,718,55784,0.621536541018752
"326","EWR",2008,442098,133338,86304,4511,4608,324,545,47034,0.64725734599289
"327","EWR",2009,415206,115631,78335,2969,3013,348,484,37296,0.677456737380114
"328","EWR",2010,408821,110050,82095,3706,3750,299,391,27955,0.745979100408905
"329","EWR",2011,417149,106846,74630,4502,4525,286,491,32216,0.698481927259795
"330","EWR",2012,421175,116309,83697,3821,3915,315,310,32612,0.71960897265044
"331","EWR",2013,419850,116635,84909,3350,3579,358,461,31726,0.727989025592661
"332","EWR",2014,402281,104785,77422,4814,5197,349,239,27363,0.738865295605287
"333","EWR",2015,416947,107762,84087,3204,3442,341,282,23675,0.780302889701379
"334","EWR",2016,431214,112493,86426,2925,3061,328,391,26067,0.768278915132497
"335","EWR",2017,443649,112622,78588,2982,3066,284,328,34034,0.69780327111932
"336","EWR",2018,452021,156090,106420,5743,5871,404,563,49670,0.681786149016593
"337","FLL",1991,203318,NA,NA,NA,NA,NA,NA,NA,NA
"338","FLL",1992,209065,NA,NA,NA,NA,NA,NA,NA,NA
"339","FLL",1993,220918,NA,NA,NA,NA,NA,NA,NA,NA
"340","FLL",1994,234000,NA,NA,NA,NA,NA,NA,NA,NA
"341","FLL",1995,239241,NA,NA,NA,NA,NA,NA,NA,NA
"342","FLL",1996,237612,NA,NA,NA,NA,NA,NA,NA,NA
"343","FLL",1997,247216,NA,NA,NA,NA,NA,NA,NA,NA
"344","FLL",1998,256255,NA,NA,NA,NA,NA,NA,NA,NA
"345","FLL",1999,280860,NA,NA,NA,NA,NA,NA,NA,NA
"346","FLL",2000,292462,NA,NA,NA,NA,NA,NA,NA,NA
"347","FLL",2001,290124,NA,NA,NA,NA,NA,NA,NA,NA
"348","FLL",2002,280603,NA,NA,NA,NA,NA,NA,NA,NA
"349","FLL",2003,287870,NA,NA,NA,NA,NA,NA,NA,NA
"350","FLL",2004,315336,65425,50312,987,963,199,124,15113,0.769002674818494
"351","FLL",2005,330967,68866,50023,1367,1302,205,187,18843,0.726381668748003
"352","FLL",2006,297237,66982,52456,526,501,238,121,14526,0.78313576781822
"353","FLL",2007,307952,68644,51007,709,674,232,130,17637,0.743065672163627
"354","FLL",2008,295736,66482,50425,542,500,235,197,16057,0.758475978460335
"355","FLL",2009,266979,62199,48914,381,376,225,128,13285,0.786411357095773
"356","FLL",2010,272293,61514,48839,750,733,202,126,12675,0.793949344864584
"357","FLL",2011,267119,64056,51215,767,745,206,128,12841,0.799534782065693
"358","FLL",2012,263309,66513,54294,537,500,182,166,12219,0.816291552027423
"359","FLL",2013,255661,65664,49910,410,401,219,206,15754,0.760081627680312
"360","FLL",2014,258394,63058,47467,875,894,206,157,15591,0.752751435186654
"361","FLL",2015,278005,78423,61856,837,880,266,116,16567,0.788748198870229
"362","FLL",2016,290239,82058,64917,999,1085,220,146,17141,0.791111165273343
"363","FLL",2017,312763,87346,69043,2429,2452,260,271,18303,0.790454056281913
"364","FLL",2018,333465,96344,75918,983,1041,254,262,20426,0.787988873204351
"365","IAD",1991,274277,NA,NA,NA,NA,NA,NA,NA,NA
"366","IAD",1992,288244,NA,NA,NA,NA,NA,NA,NA,NA
"367","IAD",1993,280177,NA,NA,NA,NA,NA,NA,NA,NA
"368","IAD",1994,297233,NA,NA,NA,NA,NA,NA,NA,NA
"369","IAD",1995,317326,NA,NA,NA,NA,NA,NA,NA,NA
"370","IAD",1996,333845,NA,NA,NA,NA,NA,NA,NA,NA
"371","IAD",1997,350265,NA,NA,NA,NA,NA,NA,NA,NA
"372","IAD",1998,396452,NA,NA,NA,NA,NA,NA,NA,NA
"373","IAD",1999,482787,NA,NA,NA,NA,NA,NA,NA,NA
"374","IAD",2000,479931,NA,NA,NA,NA,NA,NA,NA,NA
"375","IAD",2001,424150,NA,NA,NA,NA,NA,NA,NA,NA
"376","IAD",2002,392179,NA,NA,NA,NA,NA,NA,NA,NA
"377","IAD",2003,365766,NA,NA,NA,NA,NA,NA,NA,NA
"378","IAD",2004,502519,129361,104088,2856,3197,271,260,25273,0.804631998824994
"379","IAD",2005,553021,119635,96745,2452,2604,182,140,22890,0.808668031930455
"380","IAD",2006,424127,93363,72534,2232,2422,238,226,20829,0.776903055814402
"381","IAD",2007,419127,87747,65923,2920,3116,180,168,21824,0.751284944214617
"382","IAD",2008,391626,73662,56294,2077,2210,189,150,17368,0.764220357850724
"383","IAD",2009,365585,65140,53794,1315,1317,181,122,11346,0.825821307952103
"384","IAD",2010,371801,74854,62521,2020,2076,193,181,12333,0.8352392657707
"385","IAD",2011,361697,74866,60443,1804,1842,186,177,14423,0.807349130446398
"386","IAD",2012,338386,74247,60251,1698,1740,169,135,13996,0.811494067100354
"387","IAD",2013,334452,72273,57479,1700,1770,159,122,14794,0.795303917092137
"388","IAD",2014,314512,55829,43859,2032,2035,130,121,11970,0.785595299933726
"389","IAD",2015,294807,36693,29998,566,534,92,55,6695,0.817540130270079
"390","IAD",2016,292124,33860,28893,520,495,74,75,4967,0.85330773774365
"391","IAD",2017,294066,36363,30917,361,355,73,56,5446,0.850232379066634
"392","IAD",2018,305543,90865,74256,1599,1634,171,153,16609,0.817212347988775
"393","IAH",1991,310597,NA,NA,NA,NA,NA,NA,NA,NA
"394","IAH",1992,326886,NA,NA,NA,NA,NA,NA,NA,NA
"395","IAH",1993,354263,NA,NA,NA,NA,NA,NA,NA,NA
"396","IAH",1994,358212,NA,NA,NA,NA,NA,NA,NA,NA
"397","IAH",1995,378084,NA,NA,NA,NA,NA,NA,NA,NA
"398","IAH",1996,396453,NA,NA,NA,NA,NA,NA,NA,NA
"399","IAH",1997,415703,NA,NA,NA,NA,NA,NA,NA,NA
"400","IAH",1998,447701,NA,NA,NA,NA,NA,NA,NA,NA
"401","IAH",1999,463173,NA,NA,NA,NA,NA,NA,NA,NA
"402","IAH",2000,490568,NA,NA,NA,NA,NA,NA,NA,NA
"403","IAH",2001,477367,NA,NA,NA,NA,NA,NA,NA,NA
"404","IAH",2002,462255,NA,NA,NA,NA,NA,NA,NA,NA
"405","IAH",2003,479080,NA,NA,NA,NA,NA,NA,NA,NA
"406","IAH",2004,521098,199201,163696,1825,2010,344,885,35505,0.821762942957114
"407","IAH",2005,563514,207771,172851,3426,3545,426,766,34920,0.831930346390979
"408","IAH",2006,603246,219965,173974,2374,2500,577,1539,45991,0.790916736753574
"409","IAH",2007,603641,197099,157714,2033,2166,518,1174,39385,0.80017656101756
"410","IAH",2008,578288,181025,144973,3261,3366,508,769,36052,0.80084518712885
"411","IAH",2009,538875,180922,151456,1249,1333,510,768,29466,0.837134234642553
"412","IAH",2010,531983,181190,150762,1375,1484,486,544,30428,0.832065787295105
"413","IAH",2011,528997,172396,141985,2105,2364,527,463,30411,0.823597995313116
"414","IAH",2012,511034,174672,141914,1898,2168,469,530,32758,0.81245992488779
"415","IAH",2013,505143,178294,144467,1894,2280,511,499,33827,0.810274041751265
"416","IAH",2014,508940,169313,133743,3744,4297,576,625,35570,0.789915718226007
"417","IAH",2015,502844,156659,126851,2222,2520,501,731,29808,0.80972685897395
"418","IAH",2016,470780,134661,114753,1651,1818,351,613,19908,0.852162095929779
"419","IAH",2017,450323,125251,107900,3529,3599,326,374,17351,0.861470167902851
"420","IAH",2018,466740,172568,142411,1817,1971,452,554,30157,0.8252457002457
"421","JFK",1991,298161,NA,NA,NA,NA,NA,NA,NA,NA
"422","JFK",1992,341200,NA,NA,NA,NA,NA,NA,NA,NA
"423","JFK",1993,349409,NA,NA,NA,NA,NA,NA,NA,NA
"424","JFK",1994,350738,NA,NA,NA,NA,NA,NA,NA,NA
"425","JFK",1995,350350,NA,NA,NA,NA,NA,NA,NA,NA
"426","JFK",1996,363193,NA,NA,NA,NA,NA,NA,NA,NA
"427","JFK",1997,362904,NA,NA,NA,NA,NA,NA,NA,NA
"428","JFK",1998,358171,NA,NA,NA,NA,NA,NA,NA,NA
"429","JFK",1999,355677,NA,NA,NA,NA,NA,NA,NA,NA
"430","JFK",2000,358951,NA,NA,NA,NA,NA,NA,NA,NA
"431","JFK",2001,317746,NA,NA,NA,NA,NA,NA,NA,NA
"432","JFK",2002,301160,NA,NA,NA,NA,NA,NA,NA,NA
"433","JFK",2003,291299,NA,NA,NA,NA,NA,NA,NA,NA
"434","JFK",2004,332816,90103,69658,1340,1194,218,211,20445,0.77309301577084
"435","JFK",2005,362680,99787,71640,1915,1749,245,407,28147,0.717929189172938
"436","JFK",2006,396734,108208,76654,1932,1767,465,489,31554,0.708394943072601
"437","JFK",2007,456835,121811,79514,4102,4089,236,635,42297,0.652765349598969
"438","JFK",2008,446968,115072,81523,3196,3200,447,530,33549,0.708452099555061
"439","JFK",2009,422244,116563,87972,2618,2728,307,375,28591,0.754716333656478
"440","JFK",2010,404174,107767,83699,3797,3849,234,401,24068,0.776666326426457
"441","JFK",2011,413601,91409,71124,2580,2595,241,400,20285,0.778085308886433
"442","JFK",2012,409916,95184,78167,1591,1613,174,305,17017,0.821219952933266
"443","JFK",2013,411776,109083,83548,1962,2007,238,259,25535,0.765912195300826
"444","JFK",2014,431236,97781,75527,2319,2380,209,389,22254,0.772409772859758
"445","JFK",2015,446644,99822,78030,1953,2014,243,258,21792,0.781691410711066
"446","JFK",2016,458707,96161,75033,1209,1290,310,275,21128,0.780285146785079
"447","JFK",2017,453335,91979,68736,2076,2188,323,252,23243,0.747301014361974
"448","JFK",2018,461054,126617,98876,3536,3641,347,439,27741,0.780906197430045
"449","LAS",1991,398246,NA,NA,NA,NA,NA,NA,NA,NA
"450","LAS",1992,411600,NA,NA,NA,NA,NA,NA,NA,NA
"451","LAS",1993,457235,NA,NA,NA,NA,NA,NA,NA,NA
"452","LAS",1994,495940,NA,NA,NA,NA,NA,NA,NA,NA
"453","LAS",1995,503698,NA,NA,NA,NA,NA,NA,NA,NA
"454","LAS",1996,476511,NA,NA,NA,NA,NA,NA,NA,NA
"455","LAS",1997,473254,NA,NA,NA,NA,NA,NA,NA,NA
"456","LAS",1998,470707,NA,NA,NA,NA,NA,NA,NA,NA
"457","LAS",1999,542922,NA,NA,NA,NA,NA,NA,NA,NA
"458","LAS",2000,521300,NA,NA,NA,NA,NA,NA,NA,NA
"459","LAS",2001,498970,NA,NA,NA,NA,NA,NA,NA,NA
"460","LAS",2002,498037,NA,NA,NA,NA,NA,NA,NA,NA
"461","LAS",2003,510814,NA,NA,NA,NA,NA,NA,NA,NA
"462","LAS",2004,574355,156615,122804,1484,1347,289,195,33811,0.784113909906458
"463","LAS",2005,614312,166113,130410,1400,1271,300,173,35703,0.785067995882321
"464","LAS",2006,619474,183011,141219,1609,1460,377,245,41792,0.771642141729186
"465","LAS",2007,619287,181833,141142,1842,1677,424,181,40691,0.776217738254332
"466","LAS",2008,578946,170666,134417,2057,1805,339,400,36249,0.787602685947992
"467","LAS",2009,511063,153402,128088,991,924,272,146,25314,0.834982594751046
"468","LAS",2010,505604,144084,119943,1016,964,303,174,24141,0.83245190305655
"469","LAS",2011,531538,145030,120839,1143,1088,281,160,24191,0.833200027580501
"470","LAS",2012,528004,141259,120148,918,817,239,182,21111,0.850551115327165
"471","LAS",2013,520386,137727,111439,777,726,274,156,26288,0.809129655042221
"472","LAS",2014,522067,135864,106671,1115,1035,266,159,29193,0.785130718954248
"473","LAS",2015,524878,144788,118619,964,887,319,225,26169,0.819259883415753
"474","LAS",2016,535740,149220,122857,1299,1236,304,234,26363,0.8233279721217
"475","LAS",2017,542994,150221,121453,1367,1303,221,205,28768,0.80849548332124
"476","LAS",2018,539866,162860,133335,1129,1105,336,249,29525,0.818709320889107
"477","LAX",1991,657348,NA,NA,NA,NA,NA,NA,NA,NA
"478","LAX",1992,680489,NA,NA,NA,NA,NA,NA,NA,NA
"479","LAX",1993,682446,NA,NA,NA,NA,NA,NA,NA,NA
"480","LAX",1994,689888,NA,NA,NA,NA,NA,NA,NA,NA
"481","LAX",1995,732639,NA,NA,NA,NA,NA,NA,NA,NA
"482","LAX",1996,763868,NA,NA,NA,NA,NA,NA,NA,NA
"483","LAX",1997,783002,NA,NA,NA,NA,NA,NA,NA,NA
"484","LAX",1998,773729,NA,NA,NA,NA,NA,NA,NA,NA
"485","LAX",1999,779150,NA,NA,NA,NA,NA,NA,NA,NA
"486","LAX",2000,783684,NA,NA,NA,NA,NA,NA,NA,NA
"487","LAX",2001,738679,NA,NA,NA,NA,NA,NA,NA,NA
"488","LAX",2002,644854,NA,NA,NA,NA,NA,NA,NA,NA
"489","LAX",2003,623370,NA,NA,NA,NA,NA,NA,NA,NA
"490","LAX",2004,654787,229735,190056,2508,2727,382,270,39679,0.82728360937602
"491","LAX",2005,650539,228217,185063,2379,2592,363,171,43154,0.810908039278406
"492","LAX",2006,656842,230392,179321,3028,3248,379,260,51071,0.778329976735303
"493","LAX",2007,680954,234051,181539,3259,3417,398,208,52512,0.775638642859889
"494","LAX",2008,622506,212371,165837,2838,3077,476,237,46534,0.780883453955578
"495","LAX",2009,544833,191316,160002,1911,2000,363,209,31314,0.836323151226243
"496","LAX",2010,575835,197153,163086,2206,2292,420,240,34067,0.827205266975395
"497","LAX",2011,603912,207847,167875,2617,2764,439,341,39972,0.807685460940018
"498","LAX",2012,605480,220187,180840,2315,2493,479,241,39347,0.821301893390618
"499","LAX",2013,614917,221948,179028,2441,2541,494,332,42920,0.806621370771532
"500","LAX",2014,636706,218917,171196,2493,2726,601,298,47721,0.782013274437344
"501","LAX",2015,654501,209783,164069,2239,2337,531,315,45714,0.782089111129119
"502","LAX",2016,696890,210706,161641,1899,1945,491,321,49065,0.767139996013403
"503","LAX",2017,700362,211786,159730,2107,2218,460,308,52056,0.754204716081327
"504","LAX",2018,707833,249742,204726,2043,2147,645,282,45016,0.819749981981405
"505","LGA",1991,329571,NA,NA,NA,NA,NA,NA,NA,NA
"506","LGA",1992,335898,NA,NA,NA,NA,NA,NA,NA,NA
"507","LGA",1993,337674,NA,NA,NA,NA,NA,NA,NA,NA
"508","LGA",1994,337787,NA,NA,NA,NA,NA,NA,NA,NA
"509","LGA",1995,345512,NA,NA,NA,NA,NA,NA,NA,NA
"510","LGA",1996,344776,NA,NA,NA,NA,NA,NA,NA,NA
"511","LGA",1997,354482,NA,NA,NA,NA,NA,NA,NA,NA
"512","LGA",1998,360858,NA,NA,NA,NA,NA,NA,NA,NA
"513","LGA",1999,368311,NA,NA,NA,NA,NA,NA,NA,NA
"514","LGA",2000,392047,NA,NA,NA,NA,NA,NA,NA,NA
"515","LGA",2001,376919,NA,NA,NA,NA,NA,NA,NA,NA
"516","LGA",2002,367656,NA,NA,NA,NA,NA,NA,NA,NA
"517","LGA",2003,379369,NA,NA,NA,NA,NA,NA,NA,NA
"518","LGA",2004,405598,122871,93545,4347,4241,265,449,29326,0.761326920103198
"519","LGA",2005,405513,122072,85082,5060,4879,271,592,36990,0.696982108919326
"520","LGA",2006,406211,122230,81763,4718,4668,278,537,40467,0.668927431890698
"521","LGA",2007,397280,116130,71956,6415,6304,290,573,44174,0.619615947644881
"522","LGA",2008,384080,112695,74810,5753,5721,270,701,37885,0.663827144061405
"523","LGA",2009,357177,96178,69159,4007,3943,272,546,27019,0.71907296887022
"524","LGA",2010,367346,97778,75580,4336,4301,272,483,22198,0.772975515964736
"525","LGA",2011,370690,92847,70691,4636,4658,215,434,22156,0.76137085743212
"526","LGA",2012,374253,95614,76269,3408,3361,205,398,19345,0.797676072541678
"527","LGA",2013,375420,100796,75533,3311,3319,211,545,25263,0.749365054168816
"528","LGA",2014,370012,101757,76299,4672,4762,247,433,25458,0.749815737492261
"529","LGA",2015,368362,102958,76685,4656,4534,258,659,26273,0.744818275413275
"530","LGA",2016,374487,93692,69449,2459,2388,225,506,24243,0.741247918712377
"531","LGA",2017,366018,89893,67246,3018,2939,169,502,22647,0.74806714649639
"532","LGA",2018,368865,163713,123498,7021,6945,427,810,40215,0.754356709607667
"533","MCO",1991,272755,NA,NA,NA,NA,NA,NA,NA,NA
"534","MCO",1992,305197,NA,NA,NA,NA,NA,NA,NA,NA
"535","MCO",1993,329337,NA,NA,NA,NA,NA,NA,NA,NA
"536","MCO",1994,348318,NA,NA,NA,NA,NA,NA,NA,NA
"537","MCO",1995,345215,NA,NA,NA,NA,NA,NA,NA,NA
"538","MCO",1996,341213,NA,NA,NA,NA,NA,NA,NA,NA
"539","MCO",1997,360368,NA,NA,NA,NA,NA,NA,NA,NA
"540","MCO",1998,364781,NA,NA,NA,NA,NA,NA,NA,NA
"541","MCO",1999,363856,NA,NA,NA,NA,NA,NA,NA,NA
"542","MCO",2000,366278,NA,NA,NA,NA,NA,NA,NA,NA
"543","MCO",2001,326456,NA,NA,NA,NA,NA,NA,NA,NA
"544","MCO",2002,302843,NA,NA,NA,NA,NA,NA,NA,NA
"545","MCO",2003,301322,NA,NA,NA,NA,NA,NA,NA,NA
"546","MCO",2004,326470,106434,84815,2240,2190,218,139,21619,0.796878816919405
"547","MCO",2005,359609,117770,92049,856,817,281,157,25721,0.781599728283943
"548","MCO",2006,356012,118024,95027,784,721,288,171,22997,0.80514980004067
"549","MCO",2007,367860,128539,99287,1153,1087,339,177,29252,0.77242704548814
"550","MCO",2008,343400,129612,101822,1083,1020,397,227,27790,0.785590840354288
"551","MCO",2009,306321,120893,98461,662,625,332,201,22432,0.8144474866204
"552","MCO",2010,314763,121020,98846,1167,1125,319,174,22174,0.816774086927781
"553","MCO",2011,317028,122878,100266,1224,1178,360,235,22612,0.815980077800745
"554","MCO",2012,308844,119253,99233,767,730,253,176,20020,0.832121623774664
"555","MCO",2013,298552,113068,90366,611,599,301,199,22702,0.799218169597057
"556","MCO",2014,297369,108847,84741,1249,1251,344,311,24106,0.778533170413516
"557","MCO",2015,314616,118568,95037,1145,1107,346,353,23531,0.801540044531408
"558","MCO",2016,323914,123884,100408,1543,1534,318,311,23476,0.810500145297213
"559","MCO",2017,338278,129054,104243,2606,2625,328,319,24811,0.807747144606134
"560","MCO",2018,355533,136490,107373,1460,1545,311,430,29117,0.786673016338193
"561","MDW",1991,276147,NA,NA,NA,NA,NA,NA,NA,NA
"562","MDW",1992,175934,NA,NA,NA,NA,NA,NA,NA,NA
"563","MDW",1993,201410,NA,NA,NA,NA,NA,NA,NA,NA
"564","MDW",1994,271143,NA,NA,NA,NA,NA,NA,NA,NA
"565","MDW",1995,257216,NA,NA,NA,NA,NA,NA,NA,NA
"566","MDW",1996,255713,NA,NA,NA,NA,NA,NA,NA,NA
"567","MDW",1997,265572,NA,NA,NA,NA,NA,NA,NA,NA
"568","MDW",1998,278517,NA,NA,NA,NA,NA,NA,NA,NA
"569","MDW",1999,297613,NA,NA,NA,NA,NA,NA,NA,NA
"570","MDW",2000,298437,NA,NA,NA,NA,NA,NA,NA,NA
"571","MDW",2001,276520,NA,NA,NA,NA,NA,NA,NA,NA
"572","MDW",2002,303837,NA,NA,NA,NA,NA,NA,NA,NA
"573","MDW",2003,328416,NA,NA,NA,NA,NA,NA,NA,NA
"574","MDW",2004,339670,90474,72759,1056,1037,130,220,17715,0.804197891106837
"575","MDW",2005,290756,92027,76869,1091,1085,127,238,15158,0.835287469981636
"576","MDW",2006,298547,99367,78709,1122,1145,186,423,20658,0.792104018436704
"577","MDW",2007,304657,94170,75156,1368,1287,161,403,19014,0.7980885632367
"578","MDW",2008,267520,85991,70680,1246,1072,191,537,15311,0.821946482771453
"579","MDW",2009,244810,83331,70355,570,582,154,308,12976,0.844283639941918
"580","MDW",2010,245533,83169,68005,1247,1202,201,326,15164,0.817672450071541
"581","MDW",2011,255227,85533,71823,952,1006,204,295,13710,0.839710988741188
"582","MDW",2012,249913,85755,73280,731,754,188,229,12475,0.854527432802752
"583","MDW",2013,252126,88331,68989,724,701,160,386,19342,0.781028178102818
"584","MDW",2014,249252,85483,65840,2521,2394,189,621,19643,0.770211621024063
"585","MDW",2015,253519,86079,71681,1966,1862,254,556,14398,0.832735045713821
"586","MDW",2016,253046,85933,73287,1562,1584,217,285,12646,0.852838839561053
"587","MDW",2017,251341,85637,71206,1238,1266,153,298,14431,0.831486390228523
"588","MDW",2018,243322,85537,69896,2032,2013,192,285,15641,0.817143458386429
"589","MIA",1991,475285,NA,NA,NA,NA,NA,NA,NA,NA
"590","MIA",1992,496822,NA,NA,NA,NA,NA,NA,NA,NA
"591","MIA",1993,533555,NA,NA,NA,NA,NA,NA,NA,NA
"592","MIA",1994,557680,NA,NA,NA,NA,NA,NA,NA,NA
"593","MIA",1995,576936,NA,NA,NA,NA,NA,NA,NA,NA
"594","MIA",1996,534775,NA,NA,NA,NA,NA,NA,NA,NA
"595","MIA",1997,533094,NA,NA,NA,NA,NA,NA,NA,NA
"596","MIA",1998,535932,NA,NA,NA,NA,NA,NA,NA,NA
"597","MIA",1999,516507,NA,NA,NA,NA,NA,NA,NA,NA
"598","MIA",2000,516545,NA,NA,NA,NA,NA,NA,NA,NA
"599","MIA",2001,469871,NA,NA,NA,NA,NA,NA,NA,NA
"600","MIA",2002,445635,NA,NA,NA,NA,NA,NA,NA,NA
"601","MIA",2003,411489,NA,NA,NA,NA,NA,NA,NA,NA
"602","MIA",2004,395801,63984,50775,1215,1163,128,108,13209,0.79355776444111
"603","MIA",2005,381306,64150,48680,1483,1448,188,164,15470,0.758846453624318
"604","MIA",2006,386959,65248,50466,748,751,175,151,14782,0.773448994605199
"605","MIA",2007,386367,63791,45969,844,849,185,120,17822,0.72061889608252
"606","MIA",2008,371519,61656,44380,787,795,176,131,17276,0.719800181653043
"607","MIA",2009,351417,63409,48613,572,570,221,185,14796,0.76665772997524
"608","MIA",2010,376208,68299,54240,1079,1079,233,177,14059,0.794155112080704
"609","MIA",2011,394572,75687,61805,1458,1522,372,278,13882,0.816586732199717
"610","MIA",2012,391195,76452,62516,921,960,247,237,13936,0.817715690891017
"611","MIA",2013,399140,81471,67436,564,596,270,203,14035,0.827730112555388
"612","MIA",2014,402663,80942,66589,835,948,283,337,14353,0.822675496034197
"613","MIA",2015,412915,74242,59351,797,793,272,245,14891,0.79942620080278
"614","MIA",2016,414234,68684,54539,759,768,198,216,14145,0.794056840020966
"615","MIA",2017,413287,66035,53761,1728,1747,215,183,12274,0.814128871053229
"616","MIA",2018,416032,86781,70604,923,995,277,214,16177,0.813588227837891
"617","MSP",1991,385476,NA,NA,NA,NA,NA,NA,NA,NA
"618","MSP",1992,418486,NA,NA,NA,NA,NA,NA,NA,NA
"619","MSP",1993,444202,NA,NA,NA,NA,NA,NA,NA,NA
"620","MSP",1994,459405,NA,NA,NA,NA,NA,NA,NA,NA
"621","MSP",1995,469040,NA,NA,NA,NA,NA,NA,NA,NA
"622","MSP",1996,485480,NA,NA,NA,NA,NA,NA,NA,NA
"623","MSP",1997,491273,NA,NA,NA,NA,NA,NA,NA,NA
"624","MSP",1998,482872,NA,NA,NA,NA,NA,NA,NA,NA
"625","MSP",1999,510420,NA,NA,NA,NA,NA,NA,NA,NA
"626","MSP",2000,522253,NA,NA,NA,NA,NA,NA,NA,NA
"627","MSP",2001,501252,NA,NA,NA,NA,NA,NA,NA,NA
"628","MSP",2002,507322,NA,NA,NA,NA,NA,NA,NA,NA
"629","MSP",2003,508162,NA,NA,NA,NA,NA,NA,NA,NA
"630","MSP",2004,540727,144668,118268,1912,1972,307,304,26400,0.817513202643294
"631","MSP",2005,531947,135103,107439,1785,1935,329,358,27664,0.79523770752685
"632","MSP",2006,475633,124875,100841,1238,1380,286,277,24034,0.807535535535536
"633","MSP",2007,453566,151588,113103,3536,3792,344,466,38485,0.746121064991952
"634","MSP",2008,449972,128014,102854,1729,1988,321,318,25160,0.803458996672239
"635","MSP",2009,432604,118166,94800,1450,1694,316,235,23366,0.802261225733291
"636","MSP",2010,435583,123084,98870,2171,2467,299,257,24214,0.803272561827695
"637","MSP",2011,435076,102555,86325,1472,1614,214,157,16230,0.841743454731607
"638","MSP",2012,424928,109541,96446,751,868,197,169,13095,0.880455719776157
"639","MSP",2013,431573,144760,122132,1620,1875,295,187,22628,0.84368610113291
"640","MSP",2014,411760,104607,86439,1356,1423,281,172,18168,0.826321374286616
"641","MSP",2015,404374,121746,101576,824,875,270,130,20170,0.834327205821957
"642","MSP",2016,412898,127989,108582,882,884,326,275,19407,0.848369781778122
"643","MSP",2017,415703,133579,115962,767,808,354,184,17617,0.868115497196416
"644","MSP",2018,406913,160828,137072,1681,1676,425,360,23756,0.852289402342876
"645","OAK",1991,412836,NA,NA,NA,NA,NA,NA,NA,NA
"646","OAK",1992,414442,NA,NA,NA,NA,NA,NA,NA,NA
"647","OAK",1993,456955,NA,NA,NA,NA,NA,NA,NA,NA
"648","OAK",1994,472877,NA,NA,NA,NA,NA,NA,NA,NA
"649","OAK",1995,515568,NA,NA,NA,NA,NA,NA,NA,NA
"650","OAK",1996,487281,NA,NA,NA,NA,NA,NA,NA,NA
"651","OAK",1997,519504,NA,NA,NA,NA,NA,NA,NA,NA
"652","OAK",1998,506613,NA,NA,NA,NA,NA,NA,NA,NA
"653","OAK",1999,524205,NA,NA,NA,NA,NA,NA,NA,NA
"654","OAK",2000,449050,NA,NA,NA,NA,NA,NA,NA,NA
"655","OAK",2001,395653,NA,NA,NA,NA,NA,NA,NA,NA
"656","OAK",2002,371579,NA,NA,NA,NA,NA,NA,NA,NA
"657","OAK",2003,342861,NA,NA,NA,NA,NA,NA,NA,NA
"658","OAK",2004,339956,70113,57586,689,655,112,69,12527,0.82133127950594
"659","OAK",2005,347713,69675,55969,610,634,119,74,13706,0.803286688195192
"660","OAK",2006,336085,73691,58609,918,952,115,148,15082,0.79533457274294
"661","OAK",2007,347746,73933,59729,962,962,105,61,14204,0.807880107665048
"662","OAK",2008,274270,61481,50238,964,979,111,73,11243,0.817130495600267
"663","OAK",2009,234621,49229,41945,599,588,55,37,7284,0.852038432631173
"664","OAK",2010,219650,46484,38129,523,549,69,35,8355,0.820260734876517
"665","OAK",2011,215877,44683,37311,603,621,61,27,7372,0.835015554013831
"666","OAK",2012,210650,45374,38812,454,456,63,21,6562,0.855379732886675
"667","OAK",2013,201239,43743,35858,472,488,60,45,7885,0.81974258738541
"668","OAK",2014,203718,42644,31722,583,606,53,16,10922,0.74387956101679
"669","OAK",2015,215858,45672,37274,593,629,76,24,8398,0.81612366438956
"670","OAK",2016,222799,48187,39003,562,587,86,34,9184,0.809409176748916
"671","OAK",2017,236628,49766,39658,573,618,75,30,10108,0.796889442591327
"672","OAK",2018,241733,53421,44097,609,632,89,41,9324,0.825461897006795
"673","ORD",1991,813473,NA,NA,NA,NA,NA,NA,NA,NA
"674","ORD",1992,845211,NA,NA,NA,NA,NA,NA,NA,NA
"675","ORD",1993,859208,NA,NA,NA,NA,NA,NA,NA,NA
"676","ORD",1994,882112,NA,NA,NA,NA,NA,NA,NA,NA
"677","ORD",1995,900302,NA,NA,NA,NA,NA,NA,NA,NA
"678","ORD",1996,909595,NA,NA,NA,NA,NA,NA,NA,NA
"679","ORD",1997,883761,NA,NA,NA,NA,NA,NA,NA,NA
"680","ORD",1998,897336,NA,NA,NA,NA,NA,NA,NA,NA
"681","ORD",1999,897290,NA,NA,NA,NA,NA,NA,NA,NA
"682","ORD",2000,908977,NA,NA,NA,NA,NA,NA,NA,NA
"683","ORD",2001,911861,NA,NA,NA,NA,NA,NA,NA,NA
"684","ORD",2002,922787,NA,NA,NA,NA,NA,NA,NA,NA
"685","ORD",2003,931422,NA,NA,NA,NA,NA,NA,NA,NA
"686","ORD",2004,992471,362979,263611,11725,12579,700,648,99368,0.726243115992936
"687","ORD",2005,972246,328025,253035,8466,9199,665,518,74990,0.771389375809771
"688","ORD",2006,958643,358928,255027,12915,13808,766,1063,103901,0.710524116257299
"689","ORD",2007,926973,357294,247528,16618,17571,707,887,109766,0.692785213297732
"690","ORD",2008,881566,333331,237370,15050,16094,801,1027,95961,0.712114984804894
"691","ORD",2009,827899,306255,249857,6827,7679,710,677,56398,0.815846271897602
"692","ORD",2010,882617,304124,244368,7786,8443,755,845,59756,0.803514355986374
"693","ORD",2011,878798,300650,236835,11659,12494,830,615,63815,0.787743223016797
"694","ORD",2012,878108,303189,247363,6157,6814,703,640,55826,0.815870628551827
"695","ORD",2013,883287,295824,225354,9155,9999,709,709,70470,0.761784033749797
"696","ORD",2014,881933,272191,194367,13454,14355,739,831,77824,0.714083125452348
"697","ORD",2015,875136,303370,241247,8598,9350,818,794,62123,0.795223654283548
"698","ORD",2016,867635,238994,194149,3960,4300,644,595,44845,0.812359306091366
"699","ORD",2017,867049,261800,215281,3719,3907,667,670,46519,0.822310924369748
"700","ORD",2018,903747,378651,299259,8879,9506,1026,1219,79392,0.79032935341515
"701","PDX",1991,264300,NA,NA,NA,NA,NA,NA,NA,NA
"702","PDX",1992,270423,NA,NA,NA,NA,NA,NA,NA,NA
"703","PDX",1993,280829,NA,NA,NA,NA,NA,NA,NA,NA
"704","PDX",1994,283924,NA,NA,NA,NA,NA,NA,NA,NA
"705","PDX",1995,302003,NA,NA,NA,NA,NA,NA,NA,NA
"706","PDX",1996,309624,NA,NA,NA,NA,NA,NA,NA,NA
"707","PDX",1997,329790,NA,NA,NA,NA,NA,NA,NA,NA
"708","PDX",1998,326259,NA,NA,NA,NA,NA,NA,NA,NA
"709","PDX",1999,322447,NA,NA,NA,NA,NA,NA,NA,NA
"710","PDX",2000,317477,NA,NA,NA,NA,NA,NA,NA,NA
"711","PDX",2001,293902,NA,NA,NA,NA,NA,NA,NA,NA
"712","PDX",2002,278406,NA,NA,NA,NA,NA,NA,NA,NA
"713","PDX",2003,266188,NA,NA,NA,NA,NA,NA,NA,NA
"714","PDX",2004,263495,54694,44335,1038,1043,90,104,10359,0.810600797162394
"715","PDX",2005,262353,54731,42938,463,505,83,70,11793,0.784527964042316
"716","PDX",2006,260386,57283,44668,446,432,84,46,12615,0.779777595447166
"717","PDX",2007,264518,58112,44680,442,478,87,44,13432,0.76886013215859
"718","PDX",2008,253138,57118,44970,652,656,116,84,12148,0.787317483105151
"719","PDX",2009,226726,51950,43383,253,260,99,76,8567,0.835091434071222
"720","PDX",2010,223068,52412,44195,282,311,128,57,8217,0.84322292604747
"721","PDX",2011,219197,52492,43839,269,282,82,60,8653,0.835155833269832
"722","PDX",2012,216195,53037,45160,289,294,107,54,7877,0.85148104153704
"723","PDX",2013,209909,53276,43998,322,330,125,72,9278,0.82585028906074
"724","PDX",2014,216253,52876,42457,404,404,123,54,10419,0.80295408124669
"725","PDX",2015,218021,51343,43310,218,209,101,82,8033,0.843542449798415
"726","PDX",2016,227709,58228,49200,343,359,157,87,9028,0.844954317510476
"727","PDX",2017,228949,62022,50755,534,523,135,114,11267,0.818338654025991
"728","PDX",2018,233993,86654,73599,549,552,180,73,13055,0.849343365568814
"729","PHL",1991,371506,NA,NA,NA,NA,NA,NA,NA,NA
"730","PHL",1992,383262,NA,NA,NA,NA,NA,NA,NA,NA
"731","PHL",1993,397202,NA,NA,NA,NA,NA,NA,NA,NA
"732","PHL",1994,402994,NA,NA,NA,NA,NA,NA,NA,NA
"733","PHL",1995,406106,NA,NA,NA,NA,NA,NA,NA,NA
"734","PHL",1996,416189,NA,NA,NA,NA,NA,NA,NA,NA
"735","PHL",1997,466662,NA,NA,NA,NA,NA,NA,NA,NA
"736","PHL",1998,469464,NA,NA,NA,NA,NA,NA,NA,NA
"737","PHL",1999,480279,NA,NA,NA,NA,NA,NA,NA,NA
"738","PHL",2000,483567,NA,NA,NA,NA,NA,NA,NA,NA
"739","PHL",2001,467183,NA,NA,NA,NA,NA,NA,NA,NA
"740","PHL",2002,467717,NA,NA,NA,NA,NA,NA,NA,NA
"741","PHL",2003,445974,NA,NA,NA,NA,NA,NA,NA,NA
"742","PHL",2004,475741,118610,89434,2853,2726,247,419,29176,0.754017367844195
"743","PHL",2005,536153,122827,90718,3268,3182,226,388,32109,0.738583536193182
"744","PHL",2006,515868,106151,76274,1934,1799,260,357,29877,0.718542453674483
"745","PHL",2007,499683,101376,69269,2493,2335,275,388,32107,0.68328795770202
"746","PHL",2008,492038,98173,73363,1969,1990,272,320,24810,0.747282857812229
"747","PHL",2009,472668,91256,69562,1732,1679,228,284,21694,0.76227316560007
"748","PHL",2010,460779,86187,69172,2190,2191,172,224,17015,0.802580435564528
"749","PHL",2011,448129,84003,65688,1988,1971,206,275,18315,0.781972072425985
"750","PHL",2012,443236,77351,63636,1041,1083,168,85,13715,0.82269136792026
"751","PHL",2013,432884,79692,61511,1083,1116,195,171,18181,0.771859157757366
"752","PHL",2014,419253,71184,55460,1393,1474,200,165,15724,0.77910766464374
"753","PHL",2015,411368,70724,56337,1093,1191,206,191,14387,0.796575419942311
"754","PHL",2016,394022,72106,59124,836,947,199,113,12982,0.819959504063462
"755","PHL",2017,369928,71843,57984,1197,1242,202,117,13859,0.807093244992553
"756","PHL",2018,379657,148621,116903,5497,5779,358,302,31718,0.786584668384683
"757","PHX",1991,496243,NA,NA,NA,NA,NA,NA,NA,NA
"758","PHX",1992,492739,NA,NA,NA,NA,NA,NA,NA,NA
"759","PHX",1993,529912,NA,NA,NA,NA,NA,NA,NA,NA
"760","PHX",1994,497119,NA,NA,NA,NA,NA,NA,NA,NA
"761","PHX",1995,546757,NA,NA,NA,NA,NA,NA,NA,NA
"762","PHX",1996,526648,NA,NA,NA,NA,NA,NA,NA,NA
"763","PHX",1997,534550,NA,NA,NA,NA,NA,NA,NA,NA
"764","PHX",1998,529649,NA,NA,NA,NA,NA,NA,NA,NA
"765","PHX",1999,563843,NA,NA,NA,NA,NA,NA,NA,NA
"766","PHX",2000,638757,NA,NA,NA,NA,NA,NA,NA,NA
"767","PHX",2001,606666,NA,NA,NA,NA,NA,NA,NA,NA
"768","PHX",2002,590329,NA,NA,NA,NA,NA,NA,NA,NA
"769","PHX",2003,591092,NA,NA,NA,NA,NA,NA,NA,NA
"770","PHX",2004,586535,168083,136139,1578,1939,355,214,31944,0.809951036095262
"771","PHX",2005,563536,172588,141481,1382,1723,296,190,31107,0.819761512967298
"772","PHX",2006,546510,212184,172652,1952,2561,500,340,39532,0.813690004901406
"773","PHX",2007,539211,207724,164496,2402,3121,467,253,43228,0.791896940170611
"774","PHX",2008,502499,196529,161275,1875,2554,442,333,35254,0.820616804644607
"775","PHX",2009,457207,182141,154527,1210,1714,427,266,27614,0.848392179684969
"776","PHX",2010,449351,179148,154337,1446,1917,418,266,24811,0.861505570812959
"777","PHX",2011,461989,185987,159846,1569,2085,377,187,26141,0.859447165662116
"778","PHX",2012,450204,181520,158335,947,1342,328,203,23185,0.872273027765536
"779","PHX",2013,436184,175388,148329,1006,1499,325,143,27059,0.845719205418843
"780","PHX",2014,430461,158676,129608,1136,1535,325,255,29068,0.816809095263304
"781","PHX",2015,440411,158262,132062,919,1247,381,235,26200,0.834451731938178
"782","PHX",2016,440643,157495,131287,980,1294,329,375,26208,0.833594717292612
"783","PHX",2017,430968,153160,128263,870,1125,260,213,24897,0.837444502481066
"784","PHX",2018,434252,175183,141990,1311,1673,388,332,33193,0.810523852200271
"785","SAN",1991,206487,NA,NA,NA,NA,NA,NA,NA,NA
"786","SAN",1992,213983,NA,NA,NA,NA,NA,NA,NA,NA
"787","SAN",1993,208506,NA,NA,NA,NA,NA,NA,NA,NA
"788","SAN",1994,221044,NA,NA,NA,NA,NA,NA,NA,NA
"789","SAN",1995,245280,NA,NA,NA,NA,NA,NA,NA,NA
"790","SAN",1996,224466,NA,NA,NA,NA,NA,NA,NA,NA
"791","SAN",1997,224488,NA,NA,NA,NA,NA,NA,NA,NA
"792","SAN",1998,223257,NA,NA,NA,NA,NA,NA,NA,NA
"793","SAN",1999,222356,NA,NA,NA,NA,NA,NA,NA,NA
"794","SAN",2000,207916,NA,NA,NA,NA,NA,NA,NA,NA
"795","SAN",2001,206848,NA,NA,NA,NA,NA,NA,NA,NA
"796","SAN",2002,206605,NA,NA,NA,NA,NA,NA,NA,NA
"797","SAN",2003,204713,NA,NA,NA,NA,NA,NA,NA,NA
"798","SAN",2004,215211,85090,68918,944,748,165,243,16172,0.809942413914679
"799","SAN",2005,229192,88060,70485,926,768,137,202,17575,0.800420168067227
"800","SAN",2006,230798,91517,72431,1219,1060,171,338,19086,0.791448583323317
"801","SAN",2007,237574,96139,76280,1142,1013,236,150,19859,0.793434506287771
"802","SAN",2008,228167,92343,73169,1251,1048,201,359,19174,0.792361088550296
"803","SAN",2009,199612,82057,67741,768,653,148,219,14316,0.825535907966414
"804","SAN",2010,190137,77688,64167,858,743,128,220,13521,0.825957676861291
"805","SAN",2011,185143,75279,61491,1031,884,120,172,13788,0.81684135017734
"806","SAN",2012,187326,76042,63343,987,830,121,253,12699,0.833000184108782
"807","SAN",2013,187981,75612,60652,956,839,133,228,14960,0.802147807226366
"808","SAN",2014,191765,75618,59112,1010,931,155,183,16506,0.781718638419424
"809","SAN",2015,193712,75479,61831,804,696,158,239,13648,0.819181494190437
"810","SAN",2016,196935,77312,64235,811,713,188,164,13077,0.83085420115894
"811","SAN",2017,209563,82879,67318,997,882,162,283,15561,0.812244356230167
"812","SAN",2018,225058,94805,78151,888,792,217,232,16654,0.824334159590739
"813","SEA",1991,338607,NA,NA,NA,NA,NA,NA,NA,NA
"814","SEA",1992,345995,NA,NA,NA,NA,NA,NA,NA,NA
"815","SEA",1993,339461,NA,NA,NA,NA,NA,NA,NA,NA
"816","SEA",1994,353050,NA,NA,NA,NA,NA,NA,NA,NA
"817","SEA",1995,386534,NA,NA,NA,NA,NA,NA,NA,NA
"818","SEA",1996,395216,NA,NA,NA,NA,NA,NA,NA,NA
"819","SEA",1997,384482,NA,NA,NA,NA,NA,NA,NA,NA
"820","SEA",1998,407597,NA,NA,NA,NA,NA,NA,NA,NA
"821","SEA",1999,433660,NA,NA,NA,NA,NA,NA,NA,NA
"822","SEA",2000,445677,NA,NA,NA,NA,NA,NA,NA,NA
"823","SEA",2001,400670,NA,NA,NA,NA,NA,NA,NA,NA
"824","SEA",2002,364671,NA,NA,NA,NA,NA,NA,NA,NA
"825","SEA",2003,354819,NA,NA,NA,NA,NA,NA,NA,NA
"826","SEA",2004,358894,107844,85090,1280,1366,246,179,22754,0.789010051555951
"827","SEA",2005,341762,105236,79439,1006,1161,195,178,25797,0.754865255235851
"828","SEA",2006,340058,106295,79467,913,1052,227,180,26828,0.747608071875441
"829","SEA",2007,347046,107708,77961,1077,1242,253,197,29747,0.723818100791028
"830","SEA",2008,345057,107737,82507,1142,1163,264,175,25230,0.765818613846682
"831","SEA",2009,317873,100320,83014,487,460,245,181,17306,0.827492025518341
"832","SEA",2010,313954,98045,83929,480,458,253,94,14116,0.856025294507624
"833","SEA",2011,314944,99489,84180,509,509,203,127,15309,0.84612369206646
"834","SEA",2012,309597,99379,85095,658,671,236,117,14284,0.856267420682438
"835","SEA",2013,317186,102461,85989,423,441,201,184,16472,0.839236392383443
"836","SEA",2014,340478,108081,88985,502,543,272,98,19096,0.823317696912501
"837","SEA",2015,381408,120542,100955,469,565,279,185,19587,0.837508918053459
"838","SEA",2016,412170,131831,110675,502,603,340,193,21156,0.8395218120169
"839","SEA",2017,416136,135918,110312,833,1018,323,225,25606,0.811606998337233
"840","SEA",2018,438391,184771,147594,1219,1361,410,389,37177,0.798794183069854
"841","SFO",1991,429213,NA,NA,NA,NA,NA,NA,NA,NA
"842","SFO",1992,423437,NA,NA,NA,NA,NA,NA,NA,NA
"843","SFO",1993,425869,NA,NA,NA,NA,NA,NA,NA,NA
"844","SFO",1994,433072,NA,NA,NA,NA,NA,NA,NA,NA
"845","SFO",1995,435948,NA,NA,NA,NA,NA,NA,NA,NA
"846","SFO",1996,441834,NA,NA,NA,NA,NA,NA,NA,NA
"847","SFO",1997,449821,NA,NA,NA,NA,NA,NA,NA,NA
"848","SFO",1998,432046,NA,NA,NA,NA,NA,NA,NA,NA
"849","SFO",1999,440032,NA,NA,NA,NA,NA,NA,NA,NA
"850","SFO",2000,430554,NA,NA,NA,NA,NA,NA,NA,NA
"851","SFO",2001,387599,NA,NA,NA,NA,NA,NA,NA,NA
"852","SFO",2002,351453,NA,NA,NA,NA,NA,NA,NA,NA
"853","SFO",2003,334515,NA,NA,NA,NA,NA,NA,NA,NA
"854","SFO",2004,354073,127984,100112,1768,1987,250,139,27872,0.782222777847231
"855","SFO",2005,353774,126985,96900,1644,1865,274,138,30085,0.763082253809505
"856","SFO",2006,359415,129146,92832,2361,2530,238,129,36314,0.718814365137132
"857","SFO",2007,379568,135507,96550,2550,2753,332,162,38957,0.71250931686186
"858","SFO",2008,388104,137352,97090,2790,2984,342,243,40262,0.706869940008154
"859","SFO",2009,380311,134924,100717,1631,1860,302,194,34207,0.746472087990276
"860","SFO",2010,388758,136738,99850,2702,2934,365,352,36888,0.730228612382805
"861","SFO",2011,403675,142382,104011,2859,3019,324,321,38371,0.73050666516835
"862","SFO",2012,423322,166769,119855,4014,4232,383,338,46914,0.718688725122775
"863","SFO",2013,420915,164090,122127,3318,3503,431,476,41963,0.744268389298556
"864","SFO",2014,431966,162015,115452,4257,4493,441,375,46563,0.712600685121748
"865","SFO",2015,430518,159492,124412,2204,2379,389,265,35080,0.780051664033306
"866","SFO",2016,450391,169469,126798,2457,2597,404,332,42671,0.74820763679493
"867","SFO",2017,460346,170824,121410,3299,3276,389,574,49414,0.710731513136327
"868","SFO",2018,470166,178713,133897,2547,2635,484,430,44816,0.749229211081455
"869","SLC",1991,301664,NA,NA,NA,NA,NA,NA,NA,NA
"870","SLC",1992,320418,NA,NA,NA,NA,NA,NA,NA,NA
"871","SLC",1993,330067,NA,NA,NA,NA,NA,NA,NA,NA
"872","SLC",1994,342621,NA,NA,NA,NA,NA,NA,NA,NA
"873","SLC",1995,359440,NA,NA,NA,NA,NA,NA,NA,NA
"874","SLC",1996,374209,NA,NA,NA,NA,NA,NA,NA,NA
"875","SLC",1997,371843,NA,NA,NA,NA,NA,NA,NA,NA
"876","SLC",1998,365333,NA,NA,NA,NA,NA,NA,NA,NA
"877","SLC",1999,369431,NA,NA,NA,NA,NA,NA,NA,NA
"878","SLC",2000,366933,NA,NA,NA,NA,NA,NA,NA,NA
"879","SLC",2001,370282,NA,NA,NA,NA,NA,NA,NA,NA
"880","SLC",2002,406994,NA,NA,NA,NA,NA,NA,NA,NA
"881","SLC",2003,400452,NA,NA,NA,NA,NA,NA,NA,NA
"882","SLC",2004,413246,136846,114203,1547,1931,273,93,22643,0.834536632418924
"883","SLC",2005,455214,158485,134217,1685,2222,337,115,24268,0.846875098589772
"884","SLC",2006,419488,140844,117820,1027,1325,285,93,23024,0.836528357615518
"885","SLC",2007,420996,146225,118267,1123,1482,353,82,27958,0.808801504530689
"886","SLC",2008,389915,137570,116234,1089,1335,414,172,21336,0.844908046812532
"887","SLC",2009,372680,130643,112188,734,1000,447,190,18455,0.858737169232182
"888","SLC",2010,365579,123037,103105,1006,1431,483,241,19932,0.837999951234182
"889","SLC",2011,358964,118151,103162,801,1145,387,163,14989,0.873136918011697
"890","SLC",2012,328966,109487,97671,473,754,312,62,11816,0.892078511604117
"891","SLC",2013,330396,111157,95743,869,1139,301,291,15414,0.861331270185413
"892","SLC",2014,325479,107682,92920,573,801,278,103,14762,0.862911164354302
"893","SLC",2015,311767,105294,92088,405,528,325,135,13206,0.874579748133797
"894","SLC",2016,320259,108234,94825,396,473,362,147,13409,0.876111018718702
"895","SLC",2017,327292,111285,96191,448,533,364,143,15094,0.86436626679247
"896","SLC",2018,337404,118434,101920,355,402,437,156,16514,0.860563689481061
"897","TPA",1991,224085,NA,NA,NA,NA,NA,NA,NA,NA
"898","TPA",1992,231808,NA,NA,NA,NA,NA,NA,NA,NA
"899","TPA",1993,248343,NA,NA,NA,NA,NA,NA,NA,NA
"900","TPA",1994,265687,NA,NA,NA,NA,NA,NA,NA,NA
"901","TPA",1995,262580,NA,NA,NA,NA,NA,NA,NA,NA
"902","TPA",1996,268013,NA,NA,NA,NA,NA,NA,NA,NA
"903","TPA",1997,247190,NA,NA,NA,NA,NA,NA,NA,NA
"904","TPA",1998,254942,NA,NA,NA,NA,NA,NA,NA,NA
"905","TPA",1999,271996,NA,NA,NA,NA,NA,NA,NA,NA
"906","TPA",2000,278632,NA,NA,NA,NA,NA,NA,NA,NA
"907","TPA",2001,260859,NA,NA,NA,NA,NA,NA,NA,NA
"908","TPA",2002,243625,NA,NA,NA,NA,NA,NA,NA,NA
"909","TPA",2003,233892,NA,NA,NA,NA,NA,NA,NA,NA
"910","TPA",2004,245275,70656,56930,1167,1016,154,139,13726,0.805734827898551
"911","TPA",2005,269666,78669,61251,771,746,212,103,17418,0.778591312969531
"912","TPA",2006,257193,75408,59759,427,356,197,189,15649,0.792475599405899
"913","TPA",2007,258745,79023,61020,705,655,186,121,18003,0.772180251319236
"914","TPA",2008,238258,77335,60979,727,654,194,182,16356,0.78850455809142
"915","TPA",2009,200621,69044,56465,349,307,201,102,12579,0.817811830137304
"916","TPA",2010,195705,67968,55672,709,655,157,140,12296,0.819091337099812
"917","TPA",2011,191315,68292,56362,667,622,176,137,11930,0.825308967375388
"918","TPA",2012,188295,66887,55846,450,411,131,132,11041,0.83493055451732
"919","TPA",2013,186557,65676,52049,326,301,152,118,13627,0.792511724221938
"920","TPA",2014,184038,64025,49815,723,691,183,163,14210,0.77805544709098
"921","TPA",2015,189887,68289,55438,635,597,212,176,12851,0.811814494281656
"922","TPA",2016,189682,67245,55002,625,565,174,139,12243,0.817934418915905
"923","TPA",2017,195489,68747,55845,1333,1313,150,103,12902,0.812326356059173
"924","TPA",2018,206958,73812,58736,817,754,191,160,15076,0.795751368341191
"925","HNL",2004,NA,35761,31698,96,89,33,41,4063,0.886384608931518
"926","MEM",2004,NA,47934,39257,749,700,87,101,8677,0.818980264530396
"927","STL",2004,NA,60339,49365,832,805,119,135,10974,0.818127579177646
"928","HNL",2005,NA,37779,33049,92,81,26,49,4730,0.874798168294555
"929","MEM",2005,NA,47881,39430,868,859,109,72,8451,0.823499926902111
"930","STL",2005,NA,65149,53194,790,756,136,116,11955,0.816497567115382
"931","HNL",2006,NA,60490,54418,608,568,20,53,6072,0.899619771863118
"932","MEM",2006,NA,46449,36567,878,863,95,55,9882,0.787250532842472
"933","STL",2006,NA,63328,50585,994,940,158,119,12743,0.798777791814048
"934","HNL",2007,NA,67153,60632,407,416,23,43,6521,0.902893392700252
"935","MEM",2007,NA,83047,65263,1583,1799,212,191,17784,0.785856201909762
"936","STL",2007,NA,63471,48587,1292,1256,138,144,14884,0.765499204361047
"937","HNL",2008,NA,55738,48389,463,484,47,50,7349,0.868150992141806
"938","MEM",2008,NA,78958,63885,1516,1732,226,271,15073,0.809101041059804
"939","STL",2008,NA,61330,48485,1316,1244,162,165,12845,0.790559269525518
"940","HNL",2009,NA,56356,48101,250,260,58,83,8255,0.853520476967847
"941","MEM",2009,NA,70796,59114,918,1094,233,154,11682,0.834990677439403
"942","STL",2009,NA,58133,48187,695,642,113,83,9946,0.828909569435605
"943","HNL",2010,NA,53134,45962,225,214,70,70,7172,0.865020514171717
"944","MEM",2010,NA,76317,63979,1670,1789,197,156,12338,0.838332219557897
"945","STL",2010,NA,56153,45196,715,700,129,85,10957,0.804872402186882
"946","HNL",2011,NA,51113,45347,369,361,56,54,5766,0.88719112554536
"947","MEM",2011,NA,46997,39544,1087,1085,111,102,7453,0.841415409494223
"948","STL",2011,NA,56421,45913,1238,1135,140,150,10508,0.813757288952695
"949","HNL",2012,NA,54377,47967,258,269,55,62,6410,0.88211927837137
"950","MEM",2012,NA,34947,30494,428,379,76,42,4453,0.872578475977909
"951","STL",2012,NA,55691,46570,502,477,107,100,9121,0.836221292488912
"952","HNL",2013,NA,52430,44895,448,457,57,52,7535,0.856284569902727
"953","MEM",2013,NA,32396,26810,661,628,74,49,5586,0.827571305099395
"954","STL",2013,NA,56201,44647,765,708,116,114,11554,0.794416469457839
"955","HNL",2014,NA,46066,39827,179,166,64,78,6239,0.864563886597491
"956","MEM",2014,NA,14622,11045,445,378,53,38,3577,0.755368622623444
"957","STL",2014,NA,51394,39314,1014,920,135,105,12080,0.764953107366619
"958","HNL",2015,NA,46691,39161,188,177,57,69,7530,0.838726949519179
"959","MEM",2015,NA,15969,12910,353,287,46,31,3059,0.808441355125556
"960","STL",2015,NA,50567,41588,661,605,140,100,8979,0.822433602942631
"961","HNL",2016,NA,47111,40950,113,112,54,72,6161,0.869223748169217
"962","MEM",2016,NA,13932,11667,184,166,33,27,2265,0.837424633936262
"963","STL",2016,NA,54975,45599,552,499,134,85,9376,0.829449749886312
"964","HNL",2017,NA,48097,41631,144,165,53,53,6466,0.865563340748903
"965","MEM",2017,NA,14382,11784,220,217,26,26,2598,0.819357530246141
"966","STL",2017,NA,56340,46346,628,596,115,46,9994,0.822612708555201
"967","HNL",2018,NA,52924,46566,427,478,126,64,6358,0.879865467462777
"968","MEM",2018,NA,24846,19650,443,404,85,36,5196,0.79087177010384
"969","STL",2018,NA,73246,59528,1113,1078,201,101,13718,0.8127133222292
"970","ATL",2019,NA,58811,49899,505,555,134,89,8912,0.848463722772951
"971","BOS",2019,NA,21379,15970,1011,979,88,25,5409,0.746994714439403
"972","BWI",2019,NA,14138,11959,657,682,34,13,2179,0.845876361578724
"973","CLT",2019,NA,38965,32625,697,807,118,44,6340,0.837289875529321
"974","CVG",2019,NA,7360,5711,221,225,10,8,1649,0.775951086956522
"975","DCA",2019,NA,21909,17313,1141,1157,60,57,4596,0.790223195946871
"976","DEN",2019,NA,40314,32038,680,780,147,57,8276,0.794711514610309
"977","DFW",2019,NA,43462,33711,670,755,152,84,9751,0.775643090515853
"978","DTW",2019,NA,25308,20778,757,741,83,74,4530,0.821005215742058
"979","EWR",2019,NA,23090,15816,758,795,105,57,7274,0.684971849285405
"980","FLL",2019,NA,16418,12767,199,202,35,28,3651,0.777622122061152
"981","HNL",2019,NA,8088,6699,30,35,19,15,1389,0.82826409495549
"982","IAD",2019,NA,12970,10645,422,448,36,21,2325,0.820740169622205
"983","IAH",2019,NA,27737,22622,269,335,89,55,5115,0.815589285070483
"984","JFK",2019,NA,19686,15702,464,476,97,37,3984,0.797622676013411
"985","LAS",2019,NA,25158,19646,545,547,42,33,5512,0.780904682407187
"986","LAX",2019,NA,37978,29516,687,760,149,83,8462,0.777186792353468
"987","LGA",2019,NA,25690,17859,1097,1103,59,47,7831,0.695173219151421
"988","MCO",2019,NA,22605,18052,367,378,45,21,4553,0.798584383985844
"989","MDW",2019,NA,10745,8649,1335,1333,19,60,2096,0.804932526756631
"990","MEM",2019,NA,4057,3145,106,102,7,4,912,0.775203352230712
"991","MIA",2019,NA,14954,12273,103,117,46,25,2681,0.820716865052829
"992","MSP",2019,NA,22820,18243,551,565,67,49,4577,0.79943032427695
"993","OAK",2019,NA,7861,6391,214,226,12,13,1470,0.81300089047195
"994","ORD",2019,NA,54112,38614,5139,5318,168,111,15498,0.713594027202839
"995","PDX",2019,NA,12626,10279,267,299,18,17,2347,0.814113733565658
"996","PHL",2019,NA,22126,18558,737,767,59,12,3568,0.83874175178523
"997","PHX",2019,NA,28235,22876,458,508,78,28,5359,0.810200106251107
"998","SAN",2019,NA,14600,11592,321,300,29,50,3008,0.793972602739726
"999","SEA",2019,NA,27334,21308,1049,1067,102,111,6026,0.779541962391161
"1000","SFO",2019,NA,25595,17452,1279,1258,83,179,8143,0.681851924203946
"1001","SLC",2019,NA,18726,15279,111,194,145,13,3447,0.815924383210509
"1002","STL",2019,NA,10900,8590,536,516,25,20,2310,0.788073394495413
"1003","TPA",2019,NA,12536,10125,198,203,20,11,2411,0.807673899170389
